<?xml version="1.0" encoding="UTF-8" ?>
<configuration scan="true" scanPeriod="1800 seconds"
	debug="false">

	<property name="USER_HOME" value="logs" />
	<property scope="context" name="FILE_NAME" value="tinytools-log" />

	<timestamp key="byDay" datePattern="yyyy-MM-dd" />

	
	<appender name="STDOUT" class="ch.qos.logback.core.ConsoleAppender">
		<encoder>
			<pattern>%d{HH:mm:ss.SSS}, %-5level, 跑数据-%msg%n </pattern>
		</encoder>
	</appender>


	<root level="DEBUG">
		<appender-ref ref="STDOUT" />
	</root>
</configuration>