<?xml version="1.0" encoding="UTF-8"?>
<beans xmlns="http://www.springframework.org/schema/beans"
	   xmlns:aop="http://www.springframework.org/schema/aop" xmlns:tx="http://www.springframework.org/schema/tx"
	   xmlns:xsi="http://www.w3.org/2001/XMLSchema-instance" xmlns:p="http://www.springframework.org/schema/p"
	   xmlns:context="http://www.springframework.org/schema/context"
	   xsi:schemaLocation="
http://www.springframework.org/schema/beans
http://www.springframework.org/schema/beans/spring-beans.xsd
 http://www.springframework.org/schema/aop
       http://www.springframework.org/schema/aop/spring-aop.xsd
        http://www.springframework.org/schema/tx
       http://www.springframework.org/schema/tx/spring-tx.xsd
http://www.springframework.org/schema/context
http://www.springframework.org/schema/context/spring-context.xsd">

	<bean id="dataSource" class="com.alibaba.druid.pool.DruidDataSource">
		<property name="url" value="jdbc:mysql://192.168.33.112:3306/batch_data?useUnicode=true&amp;characterEncoding=UTF-8" />
		<property name="driverClassName" value="com.mysql.jdbc.Driver" />
		<property name="username" value="root" />
		<property name="password" value="chengce.1" />
	</bean>
	<!-- 配置Spring的事务管理器 -->
	<bean id="transactionManager"
		  class="org.springframework.jdbc.datasource.DataSourceTransactionManager">
		<property name="dataSource" ref="dataSource" />
	</bean>
	<tx:annotation-driven transaction-manager="transactionManager" />


	<bean id="sqlSessionFactory" class="org.mybatis.spring.SqlSessionFactoryBean">
		<property name="dataSource" ref="dataSource" />
		<property name="configLocation" value="classpath:/mybatis-config.xml" />
		<property name="mapperLocations">
			<list>
				<!-- 表示在mybatis/mappers包或以下所有目录中，以-Mapper.xml结尾所有文件 -->
				<value>classpath:/mapper/*.xml</value>
			</list>
		</property>
		<property name="configurationProperties">
			<props>
				<prop key="dialect">mysql</prop>
			</props>
		</property>
	</bean>
	<!-- 将mapping文件和Dao映射 end -->
	<bean class="org.mybatis.spring.mapper.MapperScannerConfigurer">
		<property name="basePackage"
				  value="com.shadow.policy.rundata.dao" />
		<property name="sqlSessionFactoryBeanName" value="sqlSessionFactory" />
	</bean>
	
	<!-- 文件上传 -->
	<bean id="multipartResolver" class="org.springframework.web.multipart.commons.CommonsMultipartResolver">
		<property name="maxUploadSize" value="10000000"></property>
	</bean>
</beans>