<?xml version="1.0" encoding="UTF-8"?>
<beans xmlns="http://www.springframework.org/schema/beans"
	   xmlns:aop="http://www.springframework.org/schema/aop" xmlns:xsi="http://www.w3.org/2001/XMLSchema-instance"
	   xmlns:mvc="http://www.springframework.org/schema/mvc" xmlns:p="http://www.springframework.org/schema/p"
	   xmlns:context="http://www.springframework.org/schema/context"
	   xsi:schemaLocation="http://www.springframework.org/schema/aop http://www.springframework.org/schema/aop/spring-aop-3.0.xsd
		http://www.springframework.org/schema/mvc http://www.springframework.org/schema/mvc/spring-mvc-3.2.xsd
		http://www.springframework.org/schema/beans http://www.springframework.org/schema/beans/spring-beans-3.2.xsd
		http://www.springframework.org/schema/context http://www.springframework.org/schema/context/spring-context-3.1.xsd">

	<!-- 开启注解扫描 -->
	<context:component-scan base-package="com.shadow.policy.rundata"/>
	<!-- 启动注解驱动的Spring MVC功能，注册请求url和注解POJO类方法的映射 -->
	<mvc:annotation-driven></mvc:annotation-driven>
	<bean class="org.springframework.web.servlet.mvc.method.annotation.RequestMappingHandlerAdapter">
		<property name="messageConverters">
			<list>
				<bean
						class="org.springframework.http.converter.StringHttpMessageConverter">
				</bean>
				<bean
						class="org.springframework.http.converter.ByteArrayHttpMessageConverter">
				</bean>
				<bean
						class="org.springframework.http.converter.xml.SourceHttpMessageConverter">
				</bean>
				<bean
						class="org.springframework.http.converter.support.AllEncompassingFormHttpMessageConverter">
				</bean>
			</list>
		</property>
	</bean>
	<import resource="classpath:/spring-mybatis.xml" />
	<import resource="classpath:/applicationContext-job.xml" />
	
	<mvc:interceptors>
        <mvc:interceptor>
            <mvc:mapping path="/run/**"/> <!-- 被拦截的目录 这里指定到特定的controller-->
        <bean class="com.shadow.policy.rundata.auth.AuthInterceptor"></bean>
        </mvc:interceptor>
	</mvc:interceptors>
	<!-- 视图解析器 -->
	<bean class="org.springframework.web.servlet.view.UrlBasedViewResolver">
		<property name="prefix" value="/WEB-INF/view/" />
		<property name="suffix" value=".jsp" />
		<property name="viewClass"
				  value="org.springframework.web.servlet.view.InternalResourceView" />
	</bean>
	    <!-- 对转向页面的路径解析。prefix：前缀， suffix：后缀 -->
  <bean class="org.springframework.web.servlet.view.InternalResourceViewResolver">      
 		<property name="prefix" value="/jsp/" />      
 		<property name="suffix" value=".jsp" />      
	</bean>    
	<!-- 对静态资源文件的访问， 将无法mapping到Controller的path交给default servlet handler处理 -->
	<mvc:default-servlet-handler />
	<mvc:resources mapping="/**" location="/" cache-period="31536000"/>
</beans>
