<?xml version="1.0" encoding="UTF-8"?>
<!DOCTYPE mapper   
    PUBLIC "-//mybatis.org//DTD Mapper 3.0//EN"   
    "http://mybatis.org/dtd/mybatis-3-mapper.dtd">
<mapper namespace="com.shadow.policy.rundata.service.MyMapper">


	<select id="query" resultType="map" parameterType="string">
		select * from ${tableName} limit ${start},${pageSize}
	</select>
	
	<select id="queryCount" resultType="int" parameterType="string">
		select count(1) from ${tableName} 
	</select>

	<update id="createTable" parameterType="map">
		${sql} 
	</update>
	
	<update id="dropTable" parameterType="string">
		drop table if exists ${tableName}
	</update>


	<insert id="insertList" parameterType="map">
		insert into ${tableName} 
		
		<foreach collection="entitys" item="pair" index="index"
            open="(" close=")" separator=",">
            ${pair.key}
        </foreach>
        values 
        <foreach collection="entitys" item="pair" index="index"
            open="(" close=")" separator=",">
            #{pair.value}
        </foreach>
		
	</insert>

</mapper>  