<?xml version="1.0" encoding="UTF-8"?>
<!DOCTYPE mapper   
    PUBLIC "-//mybatis.org//DTD Mapper 3.0//EN"   
    "http://mybatis.org/dtd/mybatis-3-mapper.dtd">
<mapper namespace="com.shadow.policy.rundata.dao.MyMapper">


	<select id="query" resultType="map" parameterType="string">
		select * from ${tableName} limit ${start},${pageSize}
	</select>
	
	<select id="queryCount" resultType="int" parameterType="string">
		select count(1) from ${tableName} 
	</select>

	<update id="execute" parameterType="map">
		${sql} 
	</update>
	
	<update id="dropTable" parameterType="string">
		drop table if exists ${tableName}
	</update>


	<insert id="insertList" parameterType="map">
		insert into ${tableName} 
		
		<foreach collection="entitys" item="pair" index="index"
            open="(" close=")" separator=",">
            ${pair.key}
        </foreach>
        values 
        <foreach collection="entitys" item="pair" index="index"
            open="(" close=")" separator=",">
            #{pair.value}
        </foreach>
	</insert>
	
	<select id="queryProductTemplateParamsEntiy" resultType="com.shadow.policy.rundata.entity.ProductTemplateParamsEntiy" parameterType="string">
		select * from product_template_params where template_id = #{templateId}
	</select>
	
	<select id="queryBatchDataEntity" resultType="com.shadow.policy.rundata.entity.BatchDataEntity" parameterType="string">
		select * from batch_data where batch_no = #{batchNo} and status='0' limit 1000
	</select>
	
	<select id="queryBatchLog" resultType="com.shadow.policy.rundata.entity.BatchLogEntity" parameterType="string">
		select * from batch_log where batch_no = #{batchNo} 
	</select>
	
	<select id="queryProductTemplate" resultType="com.shadow.policy.rundata.entity.ProductTemplateEntity">
		select * from product_template where id = #{id} 
	</select>
	
	
	<select id="queryProductTemplateList" resultType="com.shadow.policy.rundata.entity.ProductTemplateEntity">
		select * from product_template 
	</select>
	
	<insert id="insertBatchLog" >
		insert into `batch_log` (batch_no,template_id) values (#{batchNo},#{templateId})
	</insert>
	
	<update id="updateBatchLog" parameterType="String">
		update batch_log set execute_count=execute_count+1 where batch_no=#{batchNo}
	</update>
	
	<update id="updateBatchData" parameterType="com.shadow.policy.rundata.entity.BatchDataEntity">
		update batch_data set status=#{status},response=#{response}  where id=#{id}
	</update>
	
	<select id="queryBatchDataEntityByEntity" resultType="com.shadow.policy.rundata.entity.BatchDataEntity" parameterType="com.shadow.policy.rundata.entity.BatchDataEntity">
		select * from batch_data where batch_no = #{batchNo}  and status!='0'  and response is not null and export_status=#{exportStatus} limit #{limitNum}
	</select>
	
	<update id="updateBatchExportStatusDataById"  parameterType="com.shadow.policy.rundata.entity.BatchDataEntity">
		update batch_data set export_status=#{exportStatus}  where id=#{id}
	</update>
	
	<select id="getUser" resultType="com.shadow.policy.rundata.entity.User" parameterType="java.lang.String">
		select * from t_user where name=#{name}
	</select>
	
	<update id="updateBatchLogByEntity" parameterType="com.shadow.policy.rundata.entity.BatchLogEntity">
		update batch_log set file_name=#{fileName} , status=#{status},execute_user=#{executeUser}  where batch_no=#{batchNo}
	</update>
	
	
	<select id="selectUsingSql" parameterType="map" resultType="com.shadow.policy.rundata.entity.TestBairRong">
		${sql} 
	</select>
	
	<select id="selectLimitNum" resultType="int">
		select num from t_limit_num 
	</select>
</mapper>