<?xml version="1.0" encoding="UTF-8"?>
<!DOCTYPE mapper   
    PUBLIC "-//mybatis.org//DTD Mapper 3.0//EN"   
    "http://mybatis.org/dtd/mybatis-3-mapper.dtd">
<mapper namespace="com.shadow.policy.rundata.dao.RefDataMapper">
  <resultMap id="getMap" type="com.shadow.policy.rundata.entity.RefDataEntity" >
  </resultMap>
  
  <resultMap id="getQueryMap" type="com.shadow.policy.rundata.entity.QueryNumber" >
  </resultMap>
	<select id="getExportTemplete" resultMap="getMap" parameterType="string">
	select * from t_ref_data where templete_id=#{id}  ORDER BY key_id DESC
	</select>
	
	
	<select id="querySchedule" resultMap="getQueryMap" parameterType="string">
	select 
		total_num,have_run ,(total_num-have_run) as last_num 
	from 
		(
			select count(*) as total_num,
					(select count(*) as have_run  from batch_data where batch_no=#{batcNo} AND export_status='1') as have_run
 			from batch_data where batch_no=#{batcNo}
		) as b
	</select>
</mapper>  